id,observed_on,quality_grade,latitude,longitude,scientific_name,common_name
1218594,2015,research,35.78063251,-82.53863837,Magnolia macrophylla,bigleaf magnolia
2862502,2016,research,35.38765842,-81.11447758,Magnolia macrophylla,bigleaf magnolia
4085130,2016,research,35.36372483,-81.1195052,Magnolia macrophylla,bigleaf magnolia
4374701,2016,research,35.25850108,-81.09789734,Magnolia macrophylla,bigleaf magnolia
5664070,2017,research,35.25466103,-81.15507934,Magnolia macrophylla,bigleaf magnolia
5803290,2017,research,35.68454531,-78.68652727,Magnolia macrophylla,bigleaf magnolia
5881281,2017,research,35.80941145,-78.70177285,Magnolia macrophylla,bigleaf magnolia
6171339,2017,research,35.2778074,-81.11404982,Magnolia macrophylla,bigleaf magnolia
6201598,2017,research,35.34314227,-81.03219585,Magnolia macrophylla,bigleaf magnolia
6432752,2017,research,35.74322979,-78.72595791,Magnolia macrophylla,bigleaf magnolia
7325798,2017,research,35.27967579,-82.58233077,Magnolia macrophylla,bigleaf magnolia
7524054,2017,research,35.39796888,-81.17914951,Magnolia macrophylla,bigleaf magnolia
8094836,2017,research,35.41796603,-81.19023333,Magnolia macrophylla,bigleaf magnolia
10734844,2018,research,35.15911124,-78.98400209,Magnolia macrophylla,bigleaf magnolia
11760385,2018,research,35.75335577,-78.61292912,Magnolia macrophylla,bigleaf magnolia
12301968,2018,needs_id,35.90940061,-78.67124527,Magnolia macrophylla,bigleaf magnolia
12301970,2018,research,35.97411562,-78.70839103,Magnolia macrophylla,bigleaf magnolia
13129905,2018,research,36.16922958,-78.82828784,Magnolia macrophylla,bigleaf magnolia
14846903,2018,needs_id,35.29355187,-81.13216699,Magnolia macrophylla,bigleaf magnolia
17465039,2018,research,34.97327309,-80.63450087,Magnolia macrophylla,bigleaf magnolia
17673339,2018,research,35.49681952,-82.46568374,Magnolia macrophylla,bigleaf magnolia
17832465,2018,research,35.78037294,-78.73177238,Magnolia macrophylla,bigleaf magnolia
18330269,2018,research,35.76166554,-81.57478831,Magnolia macrophylla,bigleaf magnolia
19381162,2018,research,35.99821245,-81.03767816,Magnolia macrophylla,bigleaf magnolia
21843562,2019,research,35.39312888,-81.01534093,Magnolia macrophylla,bigleaf magnolia
23419959,2019,research,35.74181878,-78.6916498,Magnolia macrophylla,bigleaf magnolia
23694367,2019,research,35.27082347,-80.67374977,Magnolia macrophylla,bigleaf magnolia
23905776,2019,research,35.63560682,-80.90640267,Magnolia macrophylla,bigleaf magnolia
24046570,2019,research,35.72021248,-81.49004122,Magnolia macrophylla,bigleaf magnolia
24302442,2019,research,35.53638915,-82.58110021,Magnolia macrophylla,bigleaf magnolia
24318771,2019,research,35.35390055,-80.76006425,Magnolia macrophylla,bigleaf magnolia
24676738,2019,research,35.22956537,-80.92518948,Magnolia macrophylla,bigleaf magnolia
24789488,2019,research,35.77548687,-79.61304771,Magnolia macrophylla,bigleaf magnolia
24902863,2019,research,35.33377865,-81.10049722,Magnolia macrophylla,bigleaf magnolia
25360503,2019,research,35.92412436,-78.69511475,Magnolia macrophylla,bigleaf magnolia
25410029,2019,research,35.65125825,-82.4795431,Magnolia macrophylla,bigleaf magnolia
26665689,2019,research,35.25744188,-81.08747348,Magnolia macrophylla,bigleaf magnolia
27158196,2019,research,35.81647186,-80.8154029,Magnolia macrophylla,bigleaf magnolia
27357264,2019,research,34.95418143,-80.42963036,Magnolia macrophylla,bigleaf magnolia
27508918,2019,research,36.24882269,-81.75020153,Magnolia macrophylla,bigleaf magnolia
29693451,2019,research,35.898477,-81.87750815,Magnolia macrophylla,bigleaf magnolia
31397605,2019,research,35.67733913,-80.42168579,Magnolia macrophylla,bigleaf magnolia
33371144,2019,research,35.67890128,-82.10619131,Magnolia macrophylla,bigleaf magnolia
34253766,2019,research,35.72819519,-80.88872188,Magnolia macrophylla,bigleaf magnolia
34545862,2019,research,35.33259251,-80.75557602,Magnolia macrophylla,bigleaf magnolia
34545869,2019,research,35.33638309,-80.67122187,Magnolia macrophylla,bigleaf magnolia
35748178,2019,research,35.48093334,-82.50406512,Magnolia macrophylla,bigleaf magnolia
36436257,2019,research,35.02606228,-78.81121321,Magnolia macrophylla,bigleaf magnolia
40309891,2020,research,35.02659923,-80.97509547,Magnolia macrophylla,bigleaf magnolia
43080388,2020,research,35.30126455,-81.00940766,Magnolia macrophylla,bigleaf magnolia
44586972,2020,research,35.31627956,-81.12823103,Magnolia macrophylla,bigleaf magnolia
44770255,2020,research,35.24759641,-81.06090478,Magnolia macrophylla,bigleaf magnolia
45506398,2020,needs_id,35.94340394,-78.69454,Magnolia macrophylla,bigleaf magnolia
45801712,2020,research,35.33033255,-80.65359119,Magnolia macrophylla,bigleaf magnolia
46450142,2020,research,35.71071161,-79.63345057,Magnolia macrophylla,bigleaf magnolia
48014746,2020,research,35.35679696,-81.06506679,Magnolia macrophylla,bigleaf magnolia
48036228,2020,needs_id,35.26124998,-81.13425872,Magnolia macrophylla,bigleaf magnolia
48719397,2020,research,35.56398109,-82.46171017,Magnolia macrophylla,bigleaf magnolia
48960912,2020,research,35.8262489,-82.73566942,Magnolia macrophylla,bigleaf magnolia
48960981,2020,research,35.88808774,-82.77638589,Magnolia macrophylla,bigleaf magnolia
48961497,2020,research,35.82935231,-82.68196009,Magnolia macrophylla,bigleaf magnolia
48961578,2020,research,35.91268675,-82.74064218,Magnolia macrophylla,bigleaf magnolia
49025718,2020,research,35.8844154,-82.49990735,Magnolia macrophylla,bigleaf magnolia
50802636,2020,research,35.32155994,-81.05214067,Magnolia macrophylla,bigleaf magnolia
51379213,2020,research,35.2016141,-83.98258174,Magnolia macrophylla,bigleaf magnolia
52499863,2020,research,35.31218566,-80.91803878,Magnolia macrophylla,bigleaf magnolia
53202797,2020,research,35.75630245,-78.79811642,Magnolia macrophylla,bigleaf magnolia
55632284,2020,research,35.79952463,-78.70847247,Magnolia macrophylla,bigleaf magnolia
56407136,2014,research,35.32725015,-81.15097301,Magnolia macrophylla,bigleaf magnolia
57674938,2020,research,35.36994602,-81.14703715,Magnolia macrophylla,bigleaf magnolia
63830605,2020,research,35.96606026,-78.75670757,Magnolia macrophylla,bigleaf magnolia
66184852,2018,research,35.23781762,-81.04717146,Magnolia macrophylla,bigleaf magnolia
66184972,2018,research,35.31696648,-81.1499138,Magnolia macrophylla,bigleaf magnolia
66241138,2008,research,35.31478355,-81.05519245,Magnolia macrophylla,bigleaf magnolia
66488673,2020,research,35.36572528,-81.0002115,Magnolia macrophylla,bigleaf magnolia
66587504,2020,research,35.30503665,-80.77234968,Magnolia macrophylla,bigleaf magnolia
67838370,2021,research,35.20600036,-81.0870949,Magnolia macrophylla,bigleaf magnolia
71755384,2021,needs_id,35.74550978,-78.61567883,Magnolia macrophylla,bigleaf magnolia
73112619,2021,research,35.23258503,-81.10701706,Magnolia macrophylla,bigleaf magnolia
76424230,2021,research,35.3409204,-80.7182317,Magnolia macrophylla,bigleaf magnolia
76559096,2021,research,35.34206629,-81.14480204,Magnolia macrophylla,bigleaf magnolia
76573078,2021,research,35.27913223,-81.05383078,Magnolia macrophylla,bigleaf magnolia
76626893,2021,research,35.33349911,-81.16883745,Magnolia macrophylla,bigleaf magnolia
76627514,2021,research,35.39308593,-81.06479896,Magnolia macrophylla,bigleaf magnolia
76640100,2021,research,35.20827512,-81.06678198,Magnolia macrophylla,bigleaf magnolia
76640742,2021,research,35.37990442,-81.09037922,Magnolia macrophylla,bigleaf magnolia
76641283,2021,research,35.31221153,-81.11288312,Magnolia macrophylla,bigleaf magnolia
76670480,2021,needs_id,35.62291007,-82.56646789,Magnolia macrophylla,bigleaf magnolia
76674936,2021,research,35.34667004,-80.81699406,Magnolia macrophylla,bigleaf magnolia
77251865,2021,research,35.33927086,-81.05921044,Magnolia macrophylla,bigleaf magnolia
77256655,2021,research,35.29451458,-81.03954179,Magnolia macrophylla,bigleaf magnolia
77889938,2021,research,35.22692247,-81.09336123,Magnolia macrophylla,bigleaf magnolia
78084004,2021,research,36.11123372,-78.93515925,Magnolia macrophylla,bigleaf magnolia
78833458,2017,needs_id,35.34864485,-81.0357109,Magnolia macrophylla,bigleaf magnolia
78858054,2021,research,35.2250013,-81.19553653,Magnolia macrophylla,bigleaf magnolia
79830749,2021,research,35.29472888,-81.18823408,Magnolia macrophylla,bigleaf magnolia
80400818,2021,research,35.40417184,-82.41731731,Magnolia macrophylla,bigleaf magnolia
80629011,2021,research,35.6306823,-78.70452041,Magnolia macrophylla,bigleaf magnolia
80961022,2021,research,35.31474556,-82.60885203,Magnolia macrophylla,bigleaf magnolia
81049600,2021,research,35.36370733,-81.03629384,Magnolia macrophylla,bigleaf magnolia
81741230,2021,research,35.26283394,-80.79837337,Magnolia macrophylla,bigleaf magnolia
81858202,2021,research,35.27714568,-83.24783444,Magnolia macrophylla,bigleaf magnolia
83130656,2021,research,35.3639893,-81.09311568,Magnolia macrophylla,bigleaf magnolia
83412357,2021,research,36.20004557,-81.75149539,Magnolia macrophylla,bigleaf magnolia
83860933,2021,research,35.76952968,-82.79314291,Magnolia macrophylla,bigleaf magnolia
84546911,2021,research,35.36257392,-81.01935291,Magnolia macrophylla,bigleaf magnolia
84546975,2021,research,35.36292218,-81.06874789,Magnolia macrophylla,bigleaf magnolia
84562936,2021,research,35.38023941,-81.1455303,Magnolia macrophylla,bigleaf magnolia
84576037,2021,research,35.32899192,-81.16948979,Magnolia macrophylla,bigleaf magnolia
85274548,2021,research,36.0761314,-81.92584255,Magnolia macrophylla,bigleaf magnolia
85508741,2021,research,35.02782818,-81.15030696,Magnolia macrophylla,bigleaf magnolia
85702171,2021,research,35.00637927,-81.04125087,Magnolia macrophylla,bigleaf magnolia
85707441,2021,research,35.13302932,-83.04340513,Magnolia macrophylla,bigleaf magnolia
86663759,2020,research,35.69339983,-80.83132364,Magnolia macrophylla,bigleaf magnolia
87411888,2021,research,35.40889093,-82.45794078,Magnolia macrophylla,bigleaf magnolia
87985540,2021,research,35.60468572,-80.97516421,Magnolia macrophylla,bigleaf magnolia
88456400,2021,research,35.34458911,-81.1150061,Magnolia macrophylla,bigleaf magnolia
89769990,2021,research,35.52855426,-82.7164788,Magnolia macrophylla,bigleaf magnolia
90166283,2021,research,35.19955749,-81.03490615,Magnolia macrophylla,bigleaf magnolia
93855647,2021,research,35.85250227,-82.00605295,Magnolia macrophylla,bigleaf magnolia
96270764,2021,research,35.32782354,-80.77776821,Magnolia macrophylla,bigleaf magnolia
97161367,2021,research,35.77977804,-81.42721394,Magnolia macrophylla,bigleaf magnolia
97290962,2021,research,35.6298773,-82.45046402,Magnolia macrophylla,bigleaf magnolia
101465823,2021,needs_id,35.79539173,-78.92407589,Magnolia macrophylla,bigleaf magnolia
102657406,2021,research,35.73116655,-82.66543593,Magnolia macrophylla,bigleaf magnolia
103044977,2021,needs_id,35.73227634,-80.93677612,Magnolia macrophylla,bigleaf magnolia
103044987,2021,needs_id,35.6845351,-80.83976007,Magnolia macrophylla,bigleaf magnolia
108397137,2018,research,35.39799788,-81.11157589,Magnolia macrophylla,bigleaf magnolia
110325388,2022,research,35.74072489,-78.60824331,Magnolia macrophylla,bigleaf magnolia
113800586,2022,research,35.28079199,-81.07435471,Magnolia macrophylla,bigleaf magnolia
113816058,2022,needs_id,35.28636282,-81.11626594,Magnolia macrophylla,bigleaf magnolia
113836363,2022,needs_id,35.25050925,-81.17168088,Magnolia macrophylla,bigleaf magnolia
114366458,2022,research,35.75909427,-78.69033096,Magnolia macrophylla,bigleaf magnolia
116130416,2022,research,35.97530387,-81.96073815,Magnolia macrophylla,bigleaf magnolia
116169284,2022,research,35.89057928,-78.6522379,Magnolia macrophylla,bigleaf magnolia
116331867,2022,research,35.35594601,-81.11888994,Magnolia macrophylla,bigleaf magnolia
116573877,2022,research,35.73180397,-80.9233842,Magnolia macrophylla,bigleaf magnolia
119820962,2022,research,35.73016086,-78.69321117,Magnolia macrophylla,bigleaf magnolia
120068971,2022,needs_id,35.26332736,-81.03700191,Magnolia macrophylla,bigleaf magnolia
122568637,2022,research,35.29935577,-80.97163846,Magnolia macrophylla,bigleaf magnolia
122939246,2022,research,35.3687265,-80.61865428,Magnolia macrophylla,bigleaf magnolia
122941503,2022,research,35.37293965,-80.63140425,Magnolia macrophylla,bigleaf magnolia
122941617,2022,research,35.28590547,-80.78380225,Magnolia macrophylla,bigleaf magnolia
122941944,2022,research,35.39574724,-80.62034728,Magnolia macrophylla,bigleaf magnolia
123447415,2022,research,35.46677023,-82.56287418,Magnolia macrophylla,bigleaf magnolia
124869716,2022,research,35.92613229,-81.89053096,Magnolia macrophylla,bigleaf magnolia
126503056,2022,research,35.43995118,-82.59491387,Magnolia macrophylla,bigleaf magnolia
127012735,2022,research,35.38230706,-81.12547092,Magnolia macrophylla,bigleaf magnolia
128061800,2022,research,35.44753665,-82.54799756,Magnolia macrophylla,bigleaf magnolia
129770729,2022,research,35.6521833,-79.04469966,Magnolia macrophylla,bigleaf magnolia
130399445,2022,research,35.8721519,-82.54721417,Magnolia macrophylla,bigleaf magnolia
131052990,2022,research,35.56846433,-82.52793517,Magnolia macrophylla,bigleaf magnolia
131903198,2022,research,35.41315612,-82.58669064,Magnolia macrophylla,bigleaf magnolia
134295591,2022,research,35.67568943,-78.64238575,Magnolia macrophylla,bigleaf magnolia
136689489,2022,research,35.38978655,-81.05243209,Magnolia macrophylla,bigleaf magnolia
137466652,2022,needs_id,35.62633933,-78.64420305,Magnolia macrophylla,bigleaf magnolia
138001531,2022,needs_id,36.00572018,-78.85920122,Magnolia macrophylla,bigleaf magnolia
138612360,2022,research,35.36939521,-81.03576412,Magnolia macrophylla,bigleaf magnolia
138778396,2022,research,35.66759469,-78.69985839,Magnolia macrophylla,bigleaf magnolia
138781255,2022,needs_id,35.42513699,-82.63911261,Magnolia macrophylla,bigleaf magnolia
138875100,2022,research,35.57354452,-82.41134698,Magnolia macrophylla,bigleaf magnolia
138996836,2022,research,35.26340869,-81.02961389,Magnolia macrophylla,bigleaf magnolia
139448687,2022,research,35.76403741,-82.36453676,Magnolia macrophylla,bigleaf magnolia
141958851,2022,research,35.60001398,-78.72737867,Magnolia macrophylla,bigleaf magnolia
142064198,2022,research,35.69449547,-78.66299835,Magnolia macrophylla,bigleaf magnolia
142334640,2022,research,35.23334269,-81.18395007,Magnolia macrophylla,bigleaf magnolia
145136873,2022,research,35.01263655,-83.74305405,Magnolia macrophylla,bigleaf magnolia
154693060,2023,research,35.33763402,-81.11896055,Magnolia macrophylla,bigleaf magnolia
156310332,2023,research,35.2334088,-81.0883114,Magnolia macrophylla,bigleaf magnolia
156310790,2023,needs_id,35.37849794,-81.19362155,Magnolia macrophylla,bigleaf magnolia
156312308,2023,needs_id,35.20418783,-81.01871134,Magnolia macrophylla,bigleaf magnolia
156324757,2023,research,35.49442793,-82.26322514,Magnolia macrophylla,bigleaf magnolia
156742436,2023,needs_id,35.97000885,-79.1634432,Magnolia macrophylla,bigleaf magnolia
160623014,2023,research,35.08809478,-78.88212211,Magnolia macrophylla,bigleaf magnolia
160915598,2023,research,35.71783696,-82.47525631,Magnolia macrophylla,bigleaf magnolia
161684446,2023,research,35.03454534,-81.0811893,Magnolia macrophylla,bigleaf magnolia
162357877,2023,research,35.70959681,-78.67918822,Magnolia macrophylla,bigleaf magnolia
162394016,2023,research,35.7883184,-82.59906161,Magnolia macrophylla,bigleaf magnolia
163409921,2023,research,35.54634903,-82.61667291,Magnolia macrophylla,bigleaf magnolia
163829703,2021,research,35.46340505,-80.97244069,Magnolia macrophylla,bigleaf magnolia
165713953,2023,research,35.5442723,-82.45162672,Magnolia macrophylla,bigleaf magnolia
165987620,2023,research,35.29691381,-81.0963249,Magnolia macrophylla,bigleaf magnolia
166233148,2023,research,36.26836125,-81.6086448,Magnolia macrophylla,bigleaf magnolia
167241927,2023,research,35.38067657,-81.15863047,Magnolia macrophylla,bigleaf magnolia
167531285,2023,research,35.84486983,-79.0479798,Magnolia macrophylla,bigleaf magnolia
171377983,2023,research,35.31166231,-80.77201324,Magnolia macrophylla,bigleaf magnolia
171378264,2023,research,35.30885565,-80.65117244,Magnolia macrophylla,bigleaf magnolia
171378635,2023,research,35.29378104,-80.73683913,Magnolia macrophylla,bigleaf magnolia
171379177,2023,research,35.35725972,-80.7021885,Magnolia macrophylla,bigleaf magnolia
171425256,2023,research,35.28045,-80.6112258,Magnolia macrophylla,bigleaf magnolia
173945553,2023,research,35.68614438,-80.43140864,Magnolia macrophylla,bigleaf magnolia
174677006,2023,research,35.68802592,-82.59982609,Magnolia macrophylla,bigleaf magnolia
177853129,2023,research,35.4713196,-82.57616457,Magnolia macrophylla,bigleaf magnolia
178745667,2023,research,35.67719069,-82.50282322,Magnolia macrophylla,bigleaf magnolia
182576366,2023,research,35.25409675,-81.14625391,Magnolia macrophylla,bigleaf magnolia
184862561,2023,research,35.54004819,-82.82850185,Magnolia macrophylla,bigleaf magnolia
186615472,2023,research,35.22318107,-81.04547071,Magnolia macrophylla,bigleaf magnolia
186620535,2023,research,35.2836352,-81.10347896,Magnolia macrophylla,bigleaf magnolia
187832491,2023,research,35.66025007,-80.89134605,Magnolia macrophylla,bigleaf magnolia
189360646,2023,research,35.68932786,-79.63630005,Magnolia macrophylla,bigleaf magnolia
190797536,2023,research,35.08787099,-83.34672127,Magnolia macrophylla,bigleaf magnolia
191212621,2023,needs_id,35.75983985,-82.33460398,Magnolia macrophylla,bigleaf magnolia
192945645,2023,research,35.82436133,-79.0138997,Magnolia macrophylla,bigleaf magnolia
193768851,2023,needs_id,35.91729878,-79.15814631,Magnolia macrophylla,bigleaf magnolia
206246501,2024,needs_id,35.84624198,-78.93213092,Magnolia macrophylla,bigleaf magnolia
207800321,2024,research,35.61684282,-80.90344923,Magnolia macrophylla,bigleaf magnolia
207923663,2024,needs_id,35.2175006,-81.117502,Magnolia macrophylla,bigleaf magnolia
209373261,2019,research,35.83580623,-79.06073768,Magnolia macrophylla,bigleaf magnolia
213555204,2024,needs_id,35.67255021,-78.65115063,Magnolia macrophylla,bigleaf magnolia
213768351,2024,research,35.63882624,-80.86365271,Magnolia macrophylla,bigleaf magnolia
213808411,2024,research,35.3548293,-81.09859925,Magnolia macrophylla,bigleaf magnolia
214527777,2024,research,35.38527856,-81.14177459,Magnolia macrophylla,bigleaf magnolia
217783960,2024,research,35.37397638,-80.90023887,Magnolia macrophylla,bigleaf magnolia
218135175,2024,research,35.09836438,-81.15178987,Magnolia macrophylla,bigleaf magnolia
221132549,2024,research,35.2397309,-81.14424035,Magnolia macrophylla,bigleaf magnolia
221570761,2024,research,35.30817564,-81.08168075,Magnolia macrophylla,bigleaf magnolia
223192845,2024,research,35.19375386,-81.13325512,Magnolia macrophylla,bigleaf magnolia
225921946,2024,needs_id,35.79371188,-78.60785082,Magnolia macrophylla,bigleaf magnolia
229922240,2024,needs_id,35.20134842,-81.19850829,Magnolia macrophylla,bigleaf magnolia
232117146,2024,research,35.1060607,-83.14887495,Magnolia macrophylla,bigleaf magnolia
233328831,2024,research,35.2657778,-80.65525807,Magnolia macrophylla,bigleaf magnolia
233505431,2024,needs_id,35.55083042,-82.54288738,Magnolia macrophylla,bigleaf magnolia
233695771,2024,research,35.83256737,-79.10890424,Magnolia macrophylla,bigleaf magnolia
237337398,2024,needs_id,35.24260486,-82.76181508,Magnolia macrophylla,bigleaf magnolia
237337746,2024,needs_id,35.28402552,-82.79544388,Magnolia macrophylla,bigleaf magnolia
238951332,2024,research,35.74052676,-80.97221052,Magnolia macrophylla,bigleaf magnolia
240396304,2024,research,35.10274479,-81.07440146,Magnolia macrophylla,bigleaf magnolia
240770170,2024,needs_id,35.8496835,-79.19837411,Magnolia macrophylla,bigleaf magnolia
242394481,2024,needs_id,35.59117348,-82.44359877,Magnolia macrophylla,bigleaf magnolia
244197020,2024,needs_id,35.50318465,-82.63073879,Magnolia macrophylla,bigleaf magnolia
246517732,2024,needs_id,36.04252092,-78.97524067,Magnolia macrophylla,bigleaf magnolia
247351434,2024,needs_id,35.86495279,-79.14863924,Magnolia macrophylla,bigleaf magnolia
247399030,2024,research,35.55324085,-82.41699122,Magnolia macrophylla,bigleaf magnolia
247399452,2024,research,35.53990405,-82.46968774,Magnolia macrophylla,bigleaf magnolia
249652134,2024,needs_id,35.12534497,-81.13489978,Magnolia macrophylla,bigleaf magnolia
251066013,2024,needs_id,35.86087179,-79.07643657,Magnolia macrophylla,bigleaf magnolia
257750844,2019,needs_id,35.27448799,-81.09252471,Magnolia macrophylla,bigleaf magnolia
268815180,2025,needs_id,35.36411219,-81.02076405,Magnolia macrophylla,bigleaf magnolia
268819270,2025,needs_id,35.2498561,-81.18528623,Magnolia macrophylla,bigleaf magnolia
269115437,2025,needs_id,35.29246435,-81.19281858,Magnolia macrophylla,bigleaf magnolia
272599586,2025,needs_id,35.39021341,-80.8947967,Magnolia macrophylla,bigleaf magnolia
272697293,2025,needs_id,35.88774358,-82.89580751,Magnolia macrophylla,bigleaf magnolia
272805424,2025,research,36.11978111,-80.29050411,Magnolia macrophylla,bigleaf magnolia
274851288,2025,research,35.11896696,-81.00646233,Magnolia macrophylla,bigleaf magnolia
274904211,2025,research,35.35400433,-81.05449319,Magnolia macrophylla,bigleaf magnolia
275084575,2025,needs_id,35.04429476,-81.12773622,Magnolia macrophylla,bigleaf magnolia
277020419,2025,research,35.21164805,-81.13629217,Magnolia macrophylla,bigleaf magnolia
277045263,2025,needs_id,35.13627215,-81.08775258,Magnolia macrophylla,bigleaf magnolia
278115753,2025,needs_id,35.6866293,-78.58703244,Magnolia macrophylla,bigleaf magnolia
278769665,2025,needs_id,35.39699697,-80.81043605,Magnolia macrophylla,bigleaf magnolia
278800918,2025,needs_id,35.33961583,-81.13558626,Magnolia macrophylla,bigleaf magnolia
280004453,2025,research,35.2719909,-81.046701,Magnolia macrophylla,bigleaf magnolia
280008596,2025,needs_id,35.21471382,-80.69289331,Magnolia macrophylla,bigleaf magnolia
280054856,2025,needs_id,35.37010813,-82.7935032,Magnolia macrophylla,bigleaf magnolia
282113856,2025,research,35.62760611,-81.5622999,Magnolia macrophylla,bigleaf magnolia
282289123,2025,research,35.24259254,-81.06707997,Magnolia macrophylla,bigleaf magnolia
282341840,2025,needs_id,35.9673759,-79.09369637,Magnolia macrophylla,bigleaf magnolia
283143317,2025,needs_id,35.70609769,-78.6828031,Magnolia macrophylla,bigleaf magnolia
285086357,2025,research,35.34310002,-81.04245068,Magnolia macrophylla,bigleaf magnolia
285099591,2025,research,35.8121224,-79.01770844,Magnolia macrophylla,bigleaf magnolia
285306354,2025,research,35.38429461,-80.70773225,Magnolia macrophylla,bigleaf magnolia
286343436,2025,needs_id,35.34668583,-83.98947143,Magnolia macrophylla,bigleaf magnolia
292668798,2025,needs_id,35.23411603,-81.15206265,Magnolia macrophylla,bigleaf magnolia
293098440,2025,needs_id,35.32429824,-80.75448812,Magnolia macrophylla,bigleaf magnolia
295115460,2025,needs_id,35.1009731,-81.0751896,Magnolia macrophylla,bigleaf magnolia
295823745,2025,needs_id,35.06902864,-81.17415617,Magnolia macrophylla,bigleaf magnolia
296303944,2025,needs_id,35.16848965,-81.02110123,Magnolia macrophylla,bigleaf magnolia
298191174,2025,needs_id,36.17213506,-81.6692695,Magnolia macrophylla,bigleaf magnolia
298450657,2025,research,35.42547276,-82.56022871,Magnolia macrophylla,bigleaf magnolia
299259786,2023,needs_id,35.23626158,-81.19276658,Magnolia macrophylla,bigleaf magnolia
303482848,2025,needs_id,36.01164344,-81.18872411,Magnolia macrophylla,bigleaf magnolia
303698805,2025,needs_id,35.43250444,-82.74639272,Magnolia macrophylla,bigleaf magnolia
304913702,2025,needs_id,35.90039251,-79.19788439,Magnolia macrophylla,bigleaf magnolia
307540523,2025,research,35.85091627,-79.07640947,Magnolia macrophylla,bigleaf magnolia
308468771,2025,needs_id,35.44533328,-82.42709955,Magnolia macrophylla,bigleaf magnolia
308590425,2025,needs_id,35.26578624,-80.64190249,Magnolia macrophylla,bigleaf magnolia
309112271,2025,needs_id,35.46714989,-82.48418249,Magnolia macrophylla,bigleaf magnolia
309114209,2025,needs_id,35.72581505,-81.89885375,Magnolia macrophylla,bigleaf magnolia
309747683,2025,needs_id,35.89657151,-79.10358762,Magnolia macrophylla,bigleaf magnolia
310035191,2025,needs_id,35.2835967,-80.96155058,Magnolia macrophylla,bigleaf magnolia
310536331,2025,needs_id,36.13564247,-79.11517438,Magnolia macrophylla,bigleaf magnolia
311494806,2025,research,35.62749502,-81.49538057,Magnolia macrophylla,bigleaf magnolia
311932519,2025,needs_id,35.86390993,-78.64461866,Magnolia macrophylla,bigleaf magnolia
312246842,2025,needs_id,35.93881439,-79.18044967,Magnolia macrophylla,bigleaf magnolia
312249655,2025,needs_id,35.96568793,-79.01167934,Magnolia macrophylla,bigleaf magnolia
312257419,2025,needs_id,35.93723647,-79.10229247,Magnolia macrophylla,bigleaf magnolia
312457420,2025,needs_id,34.70899231,-79.37803562,Magnolia macrophylla,bigleaf magnolia
312709472,2025,needs_id,35.41203637,-82.44737883,Magnolia macrophylla,bigleaf magnolia
312774523,2025,needs_id,35.21284143,-83.98166771,Magnolia macrophylla,bigleaf magnolia
313424884,2025,needs_id,36.43156724,-81.10599384,Magnolia macrophylla,bigleaf magnolia
314424978,2025,research,35.52489711,-82.95445486,Magnolia macrophylla,bigleaf magnolia
314641320,2025,research,35.90599519,-78.79891329,Magnolia macrophylla,bigleaf magnolia
315328486,2025,research,36.11850465,-79.99540705,Magnolia macrophylla,bigleaf magnolia
315739950,2025,research,36.07173898,-79.65277132,Magnolia macrophylla,bigleaf magnolia
315849782,2025,research,35.27295682,-80.68743272,Magnolia macrophylla,bigleaf magnolia
315859554,2025,needs_id,35.32696067,-80.7893713,Magnolia macrophylla,bigleaf magnolia
315907499,2025,research,35.37761066,-80.61873662,Magnolia macrophylla,bigleaf magnolia
316041955,2025,needs_id,35.22543507,-80.79949243,Magnolia macrophylla,bigleaf magnolia
316088933,2025,research,35.37129411,-80.69449213,Magnolia macrophylla,bigleaf magnolia
316121307,2025,needs_id,35.21877637,-80.64945766,Magnolia macrophylla,bigleaf magnolia
316124238,2025,needs_id,35.30624197,-80.76823602,Magnolia macrophylla,bigleaf magnolia
316158988,2025,needs_id,35.31443977,-80.64440067,Magnolia macrophylla,bigleaf magnolia
316163535,2025,needs_id,35.21580824,-80.63439397,Magnolia macrophylla,bigleaf magnolia
316288848,2025,needs_id,35.28665449,-80.76165187,Magnolia macrophylla,bigleaf magnolia
316291530,2025,needs_id,35.38486991,-80.79096851,Magnolia macrophylla,bigleaf magnolia
316335600,2025,needs_id,35.26025798,-80.79827594,Magnolia macrophylla,bigleaf magnolia
316336255,2025,needs_id,35.39928488,-80.65481869,Magnolia macrophylla,bigleaf magnolia
316373217,2025,needs_id,35.23114255,-80.65842285,Magnolia macrophylla,bigleaf magnolia
316376929,2025,needs_id,35.23809962,-80.77546844,Magnolia macrophylla,bigleaf magnolia
316377539,2025,needs_id,35.30645222,-80.74704096,Magnolia macrophylla,bigleaf magnolia
316507409,2025,needs_id,35.31262929,-80.71239054,Magnolia macrophylla,bigleaf magnolia
316512021,2025,research,35.27518745,-80.7491381,Magnolia macrophylla,bigleaf magnolia
316515400,2025,research,35.31524868,-80.79853278,Magnolia macrophylla,bigleaf magnolia
316540334,2025,research,35.32603454,-80.63388307,Magnolia macrophylla,bigleaf magnolia
316574544,2025,research,35.32595163,-80.78854607,Magnolia macrophylla,bigleaf magnolia
319650139,2025,needs_id,35.36512412,-81.02912355,Magnolia macrophylla,bigleaf magnolia
320648060,2025,needs_id,35.95278051,-79.11179343,Magnolia macrophylla,bigleaf magnolia
322143946,2025,needs_id,36.01428022,-80.0937658,Magnolia macrophylla,bigleaf magnolia
322680598,2025,needs_id,35.01156504,-83.11477976,Magnolia macrophylla,bigleaf magnolia
323538762,2025,research,35.28121674,-81.03219921,Magnolia macrophylla,bigleaf magnolia
324738107,2025,needs_id,35.34452886,-81.09337774,Magnolia macrophylla,bigleaf magnolia
324760691,2025,research,35.63571969,-78.61827931,Magnolia macrophylla,bigleaf magnolia
325502954,2025,needs_id,35.62853751,-78.69878864,Magnolia macrophylla,bigleaf magnolia
331626674,2025,needs_id,35.80000944,-79.16814452,Magnolia macrophylla,bigleaf magnolia
334619333,2025,needs_id,35.89941401,-78.73629285,Magnolia macrophylla,bigleaf magnolia
